Burning Number,Putout Number,Burnedout Number,Fire Intensity Change,Used Suppressant,Steps,Rewards,Average_fire_intensity_change,Average Suppressant Efficiency
"[3.5833333333333335, 4.363636363636363, 4.166666666666667, 4.555555555555555, 6.714285714285714, 7.166666666666667, 4.9, 7.428571428571429, 5.666666666666667, 2.888888888888889]","[1, 2, 2, 2, 2, 1, 1, 1, 2, 2]","[5, 5, 5, 5, 5, 5, 5, 5, 5, 5]","[-8, -8, -8, -8, -8, -8, -8, -8, -8, -8]","[18.0, 16.0, 18.0, 13.0, 10.0, 10.0, 13.0, 12.0, 15.0, 26.0]","[[12], [11], [12], [9], [7], [6], [10], [7], [9], [18]]","[[tensor([-3.])], [tensor([9.])], [tensor([3.])], [tensor([9.])], [tensor([3.])], [tensor([-3.])], [tensor([-3.])], [tensor([-3.])], [tensor([3.])], [tensor([3.])]]",-2.9214514896867843,3.109867013955064
"[6.1, 4.666666666666667, 3.9166666666666665, 4.416666666666667, 5.583333333333333, 4.444444444444445, 4.833333333333333, 4.384615384615385, 5.888888888888889, 5.222222222222222]","[1, 2, 2, 1, 1, 1, 3, 1, 1, 1]","[5, 4, 5, 5, 5, 5, 4, 6, 5, 5]","[-8, -8, -8, -8, -8, -8, -8, -8, -8, -8]","[18.0, 8.0, 18.0, 18.0, 20.0, 14.0, 14.0, 13.0, 16.0, 14.0]","[[10], [9], [12], [12], [12], [9], [12], [13], [9], [9]]","[[tensor([-3.])], [tensor([0.])], [tensor([9.])], [tensor([-3.])], [tensor([-3.])], [tensor([-3.])], [tensor([18.])], [tensor([-6.])], [tensor([-3.])], [tensor([-3.])]]",-2.7875702075702073,2.6047619047619044
